[
  {
    "icon": "fa fa-home",
    "slug": "external",
    "title": "Volver al inicio",
    "path": "index.html"
  },
  {
    "id": 0,
    "icon": "fa fa-play-circle",
    "slug": "intro",
    "title": "Introducción",
    "breadcrumb": ["Inicio","Introducción"],
    "path": "pages/intro.html"
  },
  {
    "id": 1,
    "icon": "fa fa-play-circle",
    "slug": "tema-1",
    "title": "1. Vigilancia en salud pública del evento desnutrición aguda moderada y severa en menores de cinco años",
    "breadcrumb": ["Inicio","Tema 1"],
    "path": "pages/tema-1.html",
    "submenu": [
      {
        "icon": "fa fa-file-text-o",
        "slug": "tema-1",
        "title": "1.1 Usos y usuarios de la vigilancia del evento",
        "anchor": "tema-11"
      },
      {
        "icon": "fa fa-file-text-o",
        "slug": "tema-1",
        "title": "1.2 Objetivos de la vigilancia del evento",
        "anchor": "tema-12"
      },
      {
        "icon": "fa fa-file-text-o",
        "slug": "tema-1",
        "title": "1.3 Definiciones operativas de casos",
        "anchor": "tema-13"
      },
      {
        "icon": "fa fa-file-text-o",
        "slug": "tema-1",
        "title": "1.4 Fuentes de los datos",
        "anchor": "tema-14"
      },
      {
        "icon": "fa fa-file-text-o",
        "slug": "tema-1",
        "title": "1.5 Orientación de la acción",
        "anchor": "tema-15"
      },
      {
        "icon": "fa fa-file-text-o",
        "slug": "tema-1",
        "title": "1.6 Comunicación del riesgo",
        "anchor": "tema-16"
      }
    ]
  },
  {
    "id": 2,
    "icon": "fa fa-play-circle",
    "slug": "tema-2",
    "title": "2. Vigilancia integrada de muertes en menores de cinco años por IRA, EDA o desnutrición",
    "breadcrumb": ["Inicio","Tema 2"],
    "path": "pages/tema-2.html",
    "submenu": [
      {
        "icon": "fa fa-file-text-o",
        "slug": "tema-2",
        "title": "2.1 Usos y usuarios de la vigilancia del evento",
        "anchor": "tema-21"
      },
      {
        "icon": "fa fa-file-text-o",
        "slug": "tema-2",
        "title": "2.2 Objetivos de la vigilancia del evento",
        "anchor": "tema-22"
      },
      {
        "icon": "fa fa-file-text-o",
        "slug": "tema-2",
        "title": "2.3 Definiciones operativas de casos",
        "anchor": "tema-23"
      },
      {
        "icon": "fa fa-file-text-o",
        "slug": "tema-2",
        "title": "2.4 Fuentes de los datos",
        "anchor": "tema-24"
      },
      {
        "icon": "fa fa-file-text-o",
        "slug": "tema-2",
        "title": "2.5 Orientación de la acción",
        "anchor": "tema-25"
      },
      {
        "icon": "fa fa-file-text-o",
        "slug": "tema-2",
        "title": "2.6 Comunicación del riesgo",
        "anchor": "tema-26"
      }
    ]
  }     
]